{
    "overwrite": true ,
    "show_ornaments": false,
    "off_screen":true, 
    "filename": "playblast",
    "compression": "png", 
    "format": "image", 
    "viewer": false,
    "frame_padding":4,
    "maintain_aspect_ratio":true,
    "quality":100,
    "display_options": {
        "displayGradient": false,
        "background": [
            0.36000001430511475,
            0.36000001430511475,
            0.36000001430511475
        ],
        "backgroundTop": [
            0.5350000262260437,
            0.6169999837875366,
            0.7020000219345093
        ],
        "backgroundBottom": [
            0.052000001072883606,
            0.052000001072883606,
            0.052000001072883606
        ]
    },
    "camera_options": {
        "displayGateMask": false,
        "displayResolution": false,
        "displayFilmGate": false,
        "displayFieldChart": false,
        "displaySafeAction": false,
        "displaySafeTitle": false,
        "displayFilmPivot": false,
        "displayFilmOrigin": false,
        "overscan": 1.0,
        "depthOfField": false
    },
    "viewport_options": {
        "gpuCacheDisplayFilter": true,
        "rendererName": "vp2Renderer",
        "fogging": false,
        "fogMode": "linear",
        "fogDensity": 0.10000000149011612,
        "fogStart": 0.0,
        "fogEnd": 100.0,
        "fogColor": [
            0.5,
            0.5,
            0.5,
            1.0
        ],
        "shadows": true,
        "displayTextures": true,
        "displayLights": "all",
        "useDefaultMaterial": false,
        "wireframeOnShaded": false,
        "displayAppearance": "smoothShaded",
        "selectionHiliteDisplay": false,
        "headsUpDisplay": false,
        "imagePlane": false,
        "nurbsCurves": false,
        "nurbsSurfaces": false,
        "polymeshes": true,
        "subdivSurfaces": true,
        "planes": true,
        "cameras": false,
        "controlVertices": false,
        "lights": false,
        "grid": false,
        "hulls": false,
        "joints": false,
        "ikHandles": false,
        "deformers": false,
        "dynamics": false,
        "fluids": false,
        "hairSystems": false,
        "follicles": false,
        "nCloths": false,
        "nParticles": false,
        "nRigids": false,
        "dynamicConstraints": false,
        "locators": false,
        "manipulators": false,
        "dimensions": false,
        "handles": false,
        "pivots": false,
        "textures": true,
        "strokes": false,
        "motionTrails": false
    },
    "viewport2_options": {
        "consolidateWorld": true,
        "enableTextureMaxRes": true,
        "bumpBakeResolution": 64,
        "colorBakeResolution": 64,
        "floatingPointRTEnable": true,
        "floatingPointRTFormat": 1,
        "gammaCorrectionEnable": false,
        "gammaValue": 2.200000047683716,
        "lineAAEnable": false,
        "maxHardwareLights": 8,
        "motionBlurEnable": false,
        "motionBlurSampleCount": 8,
        "motionBlurShutterOpenFraction": 0.20000000298023224,
        "motionBlurType": 0,
        "multiSampleCount": 8,
        "multiSampleEnable": true,
        "singleSidedLighting": false,
        "ssaoEnable": false,
        "ssaoAmount": 1.0,
        "ssaoFilterRadius": 16,
        "ssaoRadius": 16,
        "ssaoSamples": 16,
        "textureMaxResolution": 2048,
        "transparencyAlgorithm": 1,
        "transparencyQuality": 0.33000001311302185,
        "useMaximumHardwareLights": true,
        "vertexAnimationCache": 0,
        "renderDepthOfField": false,
        "hwFogAlpha": 1.0,
        "hwFogFalloff": 0,
        "hwFogDensity": 0.10000000149011612,
        "hwFogEnable": false,
        "holdOutDetailMode": 2,
        "hwFogEnd": 100.0,
        "holdOutMode": true,
        "hwFogColorR": 0.5,
        "hwFogColorG": 0.5,
        "hwFogColorB": 0.5,
        "hwFogStart": 0.0

    }
}